# finite diffusion, zero flux (reflective): Z = Rs + R_D*coth(u)/u, u = sqrt(j*w*tau), Rs = 10.0 Ohm, R_D = 100.0 Ohm, tau = 1.0 s
# 1e-3 - 1e5 Hz, 16 points/decade, 1 % Gaussian noise on Re and Im (sigma = 0.01*|Z|), seed 42
freq,Z_re,Z_im
100000.0,10.156637631523004,-0.10353376293428121
86596.43233600653,10.026361440806257,-0.03374341484774054
74989.42093324558,10.193724848311144,-0.2778727980573592
64938.16315762113,10.27540613784942,-0.09407730335158203
56234.13251903491,10.020782577729152,-0.15847200206374829
48696.75251658631,10.037922113978176,0.05932593542225256
42169.65034285822,10.272796848872105,-0.15502915986836102
36517.41272548377,10.128201039802201,0.02164884895563224
31622.776601683792,10.301260016501292,-0.27077220186790685
27384.196342643612,10.125454585836966,-0.1107334645011924
23713.737056616552,10.331381163422352,-0.15065678712681596
20535.25026457146,10.210264289020715,-0.2854863677239191
17782.794100389227,10.237916051180626,-0.1934224868417378
15399.26526059492,10.387392189901545,-0.10328502654750622
13335.21432163324,10.20721269487886,-0.27746359668656906
11547.819846894581,10.165895189050401,-0.43620415128613627
10000.0,10.23595563982891,-0.2839012977431969
8659.643233600653,10.349766045192295,-0.3961594331448985
7498.942093324558,10.164001054255905,-0.36112486720880266
6493.816315762113,10.41607844048323,-0.3585112926002418
5623.413251903491,10.320238845067893,-0.5532772562320947
4869.675251658631,10.523756734996715,-0.5724692746548237
4216.965034285822,10.184362020484688,-0.3840608730928037
3651.741272548377,10.384405058606044,-0.5215816729605891
3162.2776601683795,10.324334544091569,-0.7712907776275705
2738.4196342643613,10.451879145999083,-0.45624648728740325
2371.373705661655,10.605529255923916,-0.55043076639883
2053.525026457146,10.603437161219556,-0.6984697009823877
1778.2794100389228,10.641866354033061,-0.8097200509140432
1539.926526059492,10.701760106171902,-0.6290709043772438
1333.521432163324,10.794460164016662,-0.7347635039043315
1154.781984689458,10.72058187378419,-0.5713322274201835
1000.0,10.969310340455893,-0.8461416166573751
865.9643233600654,11.031513209040298,-0.9159677226317484
749.8942093324558,11.072792222348209,-1.0486296979090755
649.3816315762114,11.169113879093821,-1.0158247893813062
562.341325190349,11.222938722484049,-1.1192452886304847
486.9675251658631,11.509328177056771,-1.1362584563857634
421.6965034285823,11.363732197713597,-1.433434696157987
365.1741272548377,11.44066770772403,-1.5265794704348088
316.22776601683796,11.498214854271392,-1.6423639630122056
273.8419634264361,11.582590819168638,-1.6111512403489077
237.13737056616552,11.682873121602736,-1.6524737583767295
205.3525026457146,11.860738371944704,-2.0241981182991604
177.82794100389228,12.106719735396732,-2.1676541839229713
153.9926526059492,12.314965517013327,-2.234035762454532
133.3521432163324,12.449325256237454,-2.474003718343416
115.47819846894582,12.526378557911894,-2.502326786962362
100.0,12.939120742304771,-3.1165527229774774
86.59643233600653,13.130341373140167,-3.1420205311395413
74.98942093324558,13.23578475665916,-3.3643947816331847
64.93816315762113,13.40955803948001,-3.824242757448339
56.23413251903491,13.84003694991184,-3.8992736961610577
48.69675251658631,14.069921903243806,-4.176183138618592
42.169650342858226,14.127015672375064,-4.374192916918988
36.51741272548377,14.657688602930946,-4.496833320734642
31.622776601683793,15.057919567861152,-5.055232069094711
27.384196342643612,15.243981567585521,-5.55879841220335
23.71373705661655,15.824822579231954,-5.802467549534857
20.53525026457146,15.972257867925727,-6.0427517779083715
17.78279410038923,16.929765317579427,-6.865001457944581
15.39926526059492,17.42111160283365,-7.358279789996349
13.33521432163324,17.6761350938605,-7.616990574411569
11.547819846894582,18.37445318893517,-8.345836359092095
10.0,18.416793470710946,-8.784993220603733
8.659643233600654,19.334190377918425,-9.588364683669525
7.498942093324558,20.233642327014497,-10.140092640293535
6.493816315762113,20.811346979349853,-11.314820080723548
5.623413251903491,22.066501990302967,-11.900584366999563
4.869675251658631,23.2951585289849,-12.848948601386903
4.216965034285822,23.40868321651758,-14.096867206534046
3.651741272548377,24.534110825725644,-15.25899367767707
3.1622776601683795,25.99190783992737,-15.714082719612005
2.7384196342643614,27.69198825002375,-17.20874259379303
2.371373705661655,28.125311210589363,-18.65605662193476
2.0535250264571463,30.091032769990026,-19.57715744225657
1.7782794100389228,32.21865050479317,-20.355878240408856
1.539926526059492,32.42561820942144,-22.93366597793163
1.333521432163324,34.06809262141946,-23.92481939847721
1.1547819846894583,35.85460080944388,-25.050580103488283
1.0,37.11259450851951,-25.47067295657197
0.8659643233600653,38.8912876351442,-27.718310649670823
0.7498942093324559,39.612776095975846,-29.509660977180243
0.6493816315762113,39.39860119872479,-32.936547069786926
0.5623413251903491,41.26543335661843,-35.93183800044326
0.4869675251658631,41.194226252473186,-38.67405310894073
0.4216965034285822,42.71378847495961,-43.22715312608493
0.3651741272548377,41.871865840956396,-48.086706978454934
0.31622776601683794,42.08931038222479,-54.71487868282901
0.27384196342643613,43.13169170427642,-61.62912603730487
0.23713737056616552,43.502373259510186,-70.22741616681459
0.2053525026457146,43.395062686297614,-79.61726623681714
0.1778279410038923,41.36083137392577,-91.13375254886363
0.1539926526059492,43.75021578811795,-107.32950539246995
0.1333521432163324,41.85502715556352,-124.09036304663204
0.11547819846894582,43.565942876384916,-137.9645667046914
0.1,40.882875269673185,-158.57115198025843
0.08659643233600653,44.11882414422132,-186.93403966826395
0.07498942093324558,41.53105532211522,-217.32892176629412
0.06493816315762113,40.0944751054077,-245.7448283588882
0.05623413251903491,45.35626105788605,-281.1338463837793
0.04869675251658631,44.111834867129836,-321.5694597683767
0.042169650342858224,40.98243769180097,-376.0398531551303
0.03651741272548377,49.68544234065857,-437.9725778819658
0.03162277660168379,41.097072757732185,-508.2491000594542
0.027384196342643614,43.514317330997926,-581.5081397580344
0.023713737056616554,45.138096257634906,-673.4955536807224
0.02053525026457146,38.51792241252415,-783.2018689787856
0.01778279410038923,47.55344038240582,-876.8794831729953
0.01539926526059492,37.812010274333055,-1015.2677927428058
0.01333521432163324,38.414967345041774,-1180.1101677326344
0.011547819846894581,62.12397695248902,-1391.0854017677782
0.01,26.763466843394504,-1578.07476066223
0.008659643233600654,-1.0268446854650648,-1826.253831939875
0.007498942093324558,77.53164279035909,-2113.0751238457974
0.006493816315762113,105.82575049285384,-2420.326274886677
0.005623413251903491,31.86139650622546,-2812.313094852695
0.004869675251658631,-19.975163200591197,-3244.1661652365883
0.004216965034285823,31.614072311477912,-3750.17753949966
0.003651741272548377,30.857918117191055,-4343.527475434601
0.0031622776601683794,33.77409435389751,-5122.737221609231
0.0027384196342643613,-21.37825098864127,-5807.10481681358
0.0023713737056616554,82.23158317607852,-6748.871242775668
0.002053525026457146,83.98513043999188,-7849.551348776756
0.0017782794100389228,-90.4170405585393,-8799.441227411558
0.001539926526059492,115.59768703633193,-10156.553581504188
0.001333521432163324,288.3219752938487,-11772.732195625393
0.0011547819846894581,67.03347042721632,-13747.09201737072
0.001,-10.353888088497307,-15700.5486222118
