# Rs - (Rp || Wo), finite diffusion, zero flux Z_Wo = R_D*coth(u)/u, u = sqrt(j*w*tau); Rs = 10.0 Ohm, Rp = 100.0 Ohm, R_D = 100.0 Ohm, tau = 1.0 s
# 1e-3 - 1e5 Hz, 16 points/decade, 1 % Gaussian noise on Re and Im (sigma = 0.01*|Z|), seed 43
freq,Z_re,Z_im
100000.0,9.925404701063622,-0.17778047611564096
86596.43233600653,10.20729462030126,-0.04177839300493896
74989.42093324558,9.975249795233072,-0.08704135018391096
64938.16315762113,10.08061000859376,-0.3704468520494247
56234.13251903491,10.072329904738254,-0.11075643929618828
48696.75251658631,10.232577012057039,0.0031396191430076714
42169.65034285822,10.148525157072735,-0.11449220606101225
36517.41272548377,10.245465345610173,0.04198735472454207
31622.776601683792,10.179576812182587,-0.23382267935799922
27384.196342643612,10.168266955614826,0.021588447098522895
23713.737056616552,10.10130727721826,-0.1859133018286079
20535.25026457146,10.149058605046424,-0.3317804947463723
17782.794100389227,10.215606862646746,-0.15592361109728695
15399.26526059492,10.253906621026081,-0.052313177697861535
13335.21432163324,10.17867926437723,-0.22491664352102295
11547.819846894581,10.407330006956629,-0.23857920344083391
10000.0,10.313412716755707,-0.26984361472635504
8659.643233600653,10.189102992072879,-0.5270743459569629
7498.942093324558,10.47970694996796,-0.11381532480638015
6493.816315762113,10.175867931299774,-0.15050720792756575
5623.413251903491,10.417479741179049,-0.21776723137223902
4869.675251658631,10.347889819523017,-0.35610289507799786
4216.965034285822,10.599039270545113,-0.4200031984874895
3651.741272548377,10.55464688928104,-0.4955064844110576
3162.2776601683795,10.379408657326618,-0.3300266642212963
2738.4196342643613,10.645494852713554,-0.4460445034062046
2371.373705661655,10.365780491477201,-0.6952445595506167
2053.525026457146,10.711663952911177,-0.6640321677265546
1778.2794100389228,10.664386605930256,-0.6220319475901886
1539.926526059492,10.621362833057589,-0.7674905227421158
1333.521432163324,10.878782277981038,-0.6844668285376756
1154.781984689458,10.914653416192023,-0.5969954983286706
1000.0,10.913471235050023,-0.656978327968171
865.9643233600654,10.990383547428793,-0.8630154668101852
749.8942093324558,11.075076912660455,-1.1073424455206746
649.3816315762114,11.067682789477644,-0.9725371770261627
562.341325190349,11.252772951939026,-1.2986170441904084
486.9675251658631,11.06712716470373,-1.3008219823558094
421.6965034285823,10.986340177036219,-1.414092409056897
365.1741272548377,11.529656124703374,-1.4588753675983939
316.22776601683796,11.631398658394913,-1.497804932354292
273.8419634264361,11.625182623908822,-1.5187628075172117
237.13737056616552,11.701829966891339,-1.7272325420959458
205.3525026457146,12.127333086624624,-2.09067293948146
177.82794100389228,12.05075990308719,-1.9497901578496974
153.9926526059492,12.195914442221412,-2.0705328286548537
133.3521432163324,12.317678099912932,-2.218507459417804
115.47819846894582,12.72451293692966,-2.5762226478566674
100.0,12.52735162814282,-2.687063528742169
86.59643233600653,13.001043429528783,-2.9109003574909216
74.98942093324558,13.153911859780107,-2.9319753417601953
64.93816315762113,13.472666062899245,-3.522400497980156
56.23413251903491,13.846781521448117,-3.5552882745809606
48.69675251658631,13.95963038446037,-3.531239362214544
42.169650342858226,14.287979917103838,-4.052535845890079
36.51741272548377,14.36446086594036,-4.043959233922881
31.622776601683793,14.907728131049508,-4.408885906972854
27.384196342643612,15.192418800565298,-5.1455373976094325
23.71373705661655,15.796542421355074,-5.304468986902615
20.53525026457146,16.142151533792383,-5.166929854584125
17.78279410038923,16.55932815967079,-6.156731984348279
15.39926526059492,17.152681298157646,-6.339830548825354
13.33521432163324,17.476231347131897,-6.602957784952566
11.547819846894582,17.982766416715823,-6.984862180673655
10.0,18.27759171713682,-7.135436966106161
8.659643233600654,19.42444839383955,-8.12788357134799
7.498942093324558,20.120455112679956,-8.365021024631485
6.493816315762113,20.834848071238635,-8.711199812590586
5.623413251903491,21.485351698287644,-9.47193620055396
4.869675251658631,22.70764699791168,-10.155289528422935
4.216965034285822,23.14895599178194,-10.606661662105783
3.651741272548377,24.773906445394424,-11.382994319225102
3.1622776601683795,25.248131064140058,-11.635292897198878
2.7384196342643614,26.193296970478166,-11.876694046169218
2.371373705661655,27.481832802914102,-12.88584056142893
2.0535250264571463,28.792775135203385,-13.009136323166931
1.7782794100389228,30.174348988629266,-14.342218097215316
1.539926526059492,31.912558575519704,-14.733599736395693
1.333521432163324,32.49972909625731,-14.058901770539071
1.1547819846894583,33.83791767222235,-15.012283840233321
1.0,34.992412641444304,-15.305398405196307
0.8659643233600653,35.83909341681486,-16.6983415550779
0.7498942093324559,37.45069035502826,-17.315403601802245
0.6493816315762113,37.57078470777781,-17.454400744692705
0.5623413251903491,38.555097606839915,-19.219088514203698
0.4869675251658631,39.5354071331272,-20.40878472351808
0.4216965034285822,41.43156863727157,-22.43243287460313
0.3651741272548377,42.28565255943715,-23.834178219906192
0.31622776601683794,45.80760599828842,-26.871622039414685
0.27384196342643613,47.69363540044248,-30.14627907818442
0.23713737056616552,51.59837890751332,-31.71027806660183
0.2053525026457146,55.123640589061466,-32.933848196049325
0.1778279410038923,58.301355767997094,-34.97467198936446
0.1539926526059492,65.38822414781642,-36.76867539301453
0.1333521432163324,68.31296299567586,-36.45903156241543
0.11547819846894582,73.45765656459868,-38.010941360767156
0.1,79.01448936471627,-37.92078509875429
0.08659643233600653,84.78350007994756,-34.79909511831947
0.07498942093324558,87.8901839748782,-34.39706119210448
0.06493816315762113,93.74579494908633,-31.208957184670876
0.05623413251903491,96.56431116406164,-30.352363930623284
0.04869675251658631,99.13367512807463,-27.749968028245856
0.042169650342858224,100.59280794431535,-24.236440259511642
0.03651741272548377,103.68690403559678,-18.62416385141477
0.03162277660168379,104.78528677637065,-18.060446104493245
0.027384196342643614,104.05684679704105,-16.651532114935037
0.023713737056616554,107.47218966743996,-14.786927114973581
0.02053525026457146,106.80886047118092,-12.28432060316475
0.01778279410038923,108.00577633353419,-10.787601122707146
0.01539926526059492,107.78996112859672,-8.7374439901597
0.01333521432163324,108.66695358777407,-6.044721238699704
0.011547819846894581,108.77607246379749,-7.55394200684013
0.01,109.03426398383944,-3.327789491850108
0.008659643233600654,109.08112034357919,-7.537268970914627
0.007498942093324558,108.9323590873302,-4.4506706703865255
0.006493816315762113,110.85675833751495,-4.875096732228823
0.005623413251903491,110.29033271805058,-2.9495896328344102
0.004869675251658631,110.42788530738282,-4.534692943292942
0.004216965034285823,111.31266496982116,-3.563075122733788
0.003651741272548377,109.29865122110849,-2.2592669362217177
0.0031622776601683794,110.38593355609896,-3.502463761183596
0.0027384196342643613,109.3252714416721,1.7421013965097425
0.0023713737056616554,108.99565792993391,-0.2041607908498888
0.002053525026457146,111.37651158590086,-0.37899938887855755
0.0017782794100389228,108.99560977892374,-0.682664720239502
0.001539926526059492,112.66769397583566,-0.4077916401323639
0.001333521432163324,112.5638577542194,-0.9991460448806475
0.0011547819846894581,107.57414862438976,-0.44890387542515264
0.001,110.9635162647109,-0.8902564642980517
