# Rs - (Rp || W), semi-infinite diffusion Z_W = sigma*(1-j)/sqrt(w); Rs = 10.0 Ohm, Rp = 100.0 Ohm, sigma = 70.71067811865474 Ohm s^-1/2
# 1e-3 - 1e5 Hz, 16 points/decade, 1 % Gaussian noise on Re and Im (sigma = 0.01*|Z|), seed 43
freq,Z_re,Z_im
100000.0,10.113847841998965,-0.15793052243764505
86596.43233600653,10.164332529822927,-0.05800287250214551
74989.42093324558,10.043854326388633,0.08749180918142196
64938.16315762113,10.018820391336913,-0.12695689073846073
56234.13251903491,9.917390917335775,-0.10824220051651633
48696.75251658631,10.226245350823412,-0.052356005835210495
42169.65034285822,10.139059252028977,-0.28103884287813324
36517.41272548377,10.16849834288801,-0.08950371396717338
31622.776601683792,10.079020593824872,-0.08474076368977175
27384.196342643612,10.295225866884216,-0.19313781854765139
23713.737056616552,10.27924924624941,-0.12535285006535984
20535.25026457146,10.184428355401483,-0.19231612044877106
17782.794100389227,10.154765073920407,-0.2979317347220434
15399.26526059492,10.190832641890154,-0.3701077521915736
13335.21432163324,10.16244464725353,-0.1518993720679434
11547.819846894581,10.265232956893579,-0.08768150565051142
10000.0,10.218711833847703,-0.3706968047766619
8659.643233600653,10.363490766815875,-0.27262015698320596
7498.942093324558,10.288615056501381,-0.45827385105639007
6493.816315762113,10.313398156950186,-0.40550427386331367
5623.413251903491,10.535780078668386,-0.4339446042730083
4869.675251658631,10.32867067458367,-0.5286940731830265
4216.965034285822,10.270647277748854,-0.44745163512473596
3651.741272548377,10.505163522008814,-0.3675434742835658
3162.2776601683795,10.283164669669791,-0.44663950022949306
2738.4196342643613,10.56693750309059,-0.596663700755389
2371.373705661655,10.683260938462457,-0.4306757227541458
2053.525026457146,10.629920944031621,-0.6002064757299919
1778.2794100389228,10.669884536321828,-0.47604453537490254
1539.926526059492,10.498507762318969,-0.857442561603514
1333.521432163324,10.832371627423608,-0.4432031465602286
1154.781984689458,10.873055819677031,-0.8440025983447997
1000.0,10.763857040400566,-1.0138508808518534
865.9643233600654,11.168868354960235,-1.0660641832923081
749.8942093324558,10.89435110997319,-0.9141274654493725
649.3816315762114,10.919329724462107,-0.9900651509461551
562.341325190349,10.9855221488468,-1.0785468055163627
486.9675251658631,11.280875694959084,-1.1853472033743413
421.6965034285823,11.411896815739272,-1.4739502226498031
365.1741272548377,11.526572341937884,-1.4582775404618558
316.22776601683796,11.546134716827579,-1.8155010944913972
273.8419634264361,11.607679997442393,-1.759321968112092
237.13737056616552,11.931496046785517,-1.694202081760508
205.3525026457146,11.858327239356077,-2.1285117924462913
177.82794100389228,11.96500323098286,-1.7443079243157356
153.9926526059492,12.445622622692609,-2.022508927330438
133.3521432163324,12.462536666406532,-2.4794386543596296
115.47819846894582,12.682294189494373,-2.4055937025172467
100.0,12.898633849857326,-2.601408311413169
86.59643233600653,12.949919826857574,-2.8795918713275235
74.98942093324558,13.17864275756383,-2.9799896808416273
64.93816315762113,13.581545367922855,-3.309110207030852
56.23413251903491,13.664359136445952,-3.5000881176473477
48.69675251658631,14.079048217330401,-3.6569220098442687
42.169650342858226,14.315715466877148,-3.9190784641441003
36.51741272548377,14.467440090329019,-4.208120219932234
31.622776601683793,15.144981494717483,-4.489301645437599
27.384196342643612,15.154885618496168,-4.689586103817984
23.71373705661655,15.796882446603764,-5.033839791709076
20.53525026457146,16.193919145439747,-5.704135131693173
17.78279410038923,16.860521186031878,-5.9904888741542734
15.39926526059492,16.920220528954243,-5.9648591906477275
13.33521432163324,17.54351729254556,-6.330339318031437
11.547819846894582,18.18472982453341,-6.929272049094502
10.0,18.838332476243462,-7.5262319787831755
8.659643233600654,19.622886845949115,-7.750664323518992
7.498942093324558,20.191054578261177,-8.246133154747174
6.493816315762113,20.857809213010768,-9.23639237792072
5.623413251903491,21.87244988674989,-9.379196583002232
4.869675251658631,22.97372456510268,-10.2664434460458
4.216965034285822,22.995318049587414,-10.58428190038626
3.651741272548377,24.279909254596795,-11.017679064712675
3.1622776601683795,25.490849246301078,-11.120945075252404
2.7384196342643614,26.363612032527094,-12.798773106384774
2.371373705661655,27.895582005083725,-12.887060459057603
2.0535250264571463,28.542748380823333,-13.164625021365337
1.7782794100389228,29.567700319492292,-13.765133993364698
1.539926526059492,31.52442462695608,-14.297452338076777
1.333521432163324,31.617487808053312,-15.550093603265207
1.1547819846894583,33.89650701075757,-15.835332782167285
1.0,36.53145905515874,-16.550294104768856
0.8659643233600653,37.212458893382156,-16.399017554175117
0.7498942093324559,39.01866250096062,-17.53732820911054
0.6493816315762113,40.17303295638796,-17.988076770575706
0.5623413251903491,42.37640633574016,-18.393675365454854
0.4869675251658631,44.16879847470851,-19.561456528508057
0.4216965034285822,47.07128891040093,-19.0803784458022
0.3651741272548377,47.57007047283942,-20.27581712818611
0.31622776601683794,48.60216955209017,-19.91427144228403
0.27384196342643613,52.35313957733898,-20.676620622712253
0.23713737056616552,55.08726850345748,-19.777397477815388
0.2053525026457146,55.86271115509769,-20.589803765135894
0.1778279410038923,57.246579063516755,-19.49609963796551
0.1539926526059492,59.79701186517938,-22.137225963617382
0.1333521432163324,62.87363343497709,-19.758789818916142
0.11547819846894582,64.30115643191367,-19.971772151316042
0.1,66.78910475134518,-20.182654459587244
0.08659643233600653,67.12000948894627,-18.577019000011916
0.07498942093324558,70.44532237258694,-20.92723316857493
0.06493816315762113,73.40009539848157,-19.38117191859649
0.05623413251903491,74.53332577428847,-18.195555053756376
0.04869675251658631,75.80988307218192,-18.25139289273458
0.042169650342858224,79.2885498235838,-18.568454021927874
0.03651741272548377,81.01557087397009,-17.23029526452738
0.03162277660168379,81.51520054040417,-17.57983496488005
0.027384196342643614,82.90676557580582,-16.96807303704166
0.023713737056616554,86.21197122423408,-16.6774206390788
0.02053525026457146,86.11862203941658,-14.588165617312228
0.01778279410038923,87.88485723799262,-14.638779274866433
0.01539926526059492,91.0202710999443,-12.0354718019117
0.01333521432163324,90.8519493296167,-12.931202072858923
0.011547819846894581,91.44396055406888,-14.481324362482933
0.01,91.20540791722809,-11.752059928003076
0.008659643233600654,94.18794548268093,-12.94844220220289
0.007498942093324558,95.10225807131603,-11.59985457645305
0.006493816315762113,95.55255581824684,-10.631291424624369
0.005623413251903491,97.97278519925044,-11.279381182220087
0.004869675251658631,96.65659642350431,-10.175748891172137
0.004216965034285823,97.16315881193808,-9.827089402594165
0.003651741272548377,98.70067985585645,-8.516894579969762
0.0031622776601683794,100.14049371691813,-8.249041262688642
0.0027384196342643613,99.30989377894358,-7.817320120742368
0.0023713737056616554,100.2473563258876,-5.532327276000663
0.002053525026457146,101.15810344890536,-6.289400210680282
0.0017782794100389228,102.50383909267066,-5.9946517411218485
0.001539926526059492,102.30770201854075,-4.921313672638119
0.001333521432163324,104.51539797144285,-3.7567323698599884
0.0011547819846894581,101.63227898887843,-3.8847085916980557
0.001,104.76166989260642,-6.114707708311601
