# Rs - (Rp || Ws), finite diffusion, constant concentration Z_Ws = R_D*tanh(u)/u, u = sqrt(j*w*tau); Rs = 10.0 Ohm, Rp = 100.0 Ohm, R_D = 100.0 Ohm, tau = 1.0 s
# 1e-3 - 1e5 Hz, 16 points/decade, no noise
freq,Z_re,Z_im
100000.0,10.08920606408463,-0.08904719284040721
86596.43233600653,10.095861511249705,-0.09567807401783732
74989.42093324558,10.1030135012064,-0.10280170149379132
64938.16315762113,10.110699078570475,-0.11045453367042794
56234.13251903491,10.118958051448162,-0.11867570204555894
48696.75251658631,10.12783319753541,-0.12750720340229293
42169.65034285822,10.137370485574841,-0.13699410522311264
36517.41272548377,10.147619313311722,-0.14718476514419082
31622.776601683792,10.158632763174225,-0.1581310653005718
27384.196342643612,10.170467876993472,-0.16988866244632683
23713.737056616552,10.183185951175203,-0.18251725476525218
20535.25026457146,10.196852853838287,-0.19608086631629118
17782.794100389227,10.211539365545738,-0.21064815008265056
15399.26526059492,10.227321545372046,-0.22629271061337586
13335.21432163324,10.244281124176881,-0.24309344725958495
11547.819846894581,10.262505927089851,-0.26113491901299846
10000.0,10.282090327354666,-0.28050773194995887
8659.643233600653,10.30313573383395,-0.30130895026756566
7498.942093324558,10.325751114638482,-0.3236425318672655
6493.816315762113,10.350053559517296,-0.34761978939221744
5623.413251903491,10.376168883827747,-0.37335987755446987
4869.675251658631,10.40423227709791,-0.400990307492404
4216.965034285822,10.434388999397143,-0.43064748877330306
3651.741272548377,10.466795128944463,-0.46247729949492
3162.2776601683795,10.501618364607989,-0.49663568473732383
2738.4196342643613,10.539038887181476,-0.5332892833650175
2371.373705661655,10.579250283564944,-0.5726160828712158
2053.525026457146,10.62246053822392,-0.6148061015820357
1778.2794100389228,10.66889309655396,-0.6600620970876672
1539.926526059492,10.718788005030975,-0.7086002992285428
1333.521432163324,10.772403133279774,-0.7606511653236859
1154.781984689458,10.830015483438311,-0.8164601545708189
1000.0,10.891922592427226,-0.8762885176566361
865.9643233600654,10.958444032945414,-0.9404140965722093
749.8942093324558,11.029923019192738,-1.0091321284121713
649.3816315762114,11.106728123458065,-1.0827560455243395
562.341325190349,11.189255109789059,-1.1616182627440588
486.9675251658631,11.277928890960736,-1.2460709405679358
421.6965034285823,11.373205614858794,-1.3364867109661056
365.1741272548377,11.475574886162816,-1.4332593500704294
316.22776601683796,11.585562128818555,-1.5368043791765567
273.8419634264361,11.703731094185217,-1.6475595723285663
237.13737056616552,11.830686518882446,-1.7659853451842122
205.3525026457146,11.967076935181254,-1.8925649958566162
177.82794100389228,12.113597635211214,-2.027804763967804
153.9926526059492,12.27099378820677,-2.172233669209557
133.3521432163324,12.440063707387798,-2.326403085274921
115.47819846894582,12.621662259745591,-2.4908859990987846
100.0,12.816704407849144,-2.6662758989442685
86.59643233600653,13.026168867641658,-2.8531852280321592
74.98942093324558,13.251101859885834,-3.0522433332019214
64.93816315762113,13.492620925247563,-3.2640938306231453
56.23413251903491,13.751918763738239,-3.4893913029507293
48.69675251658631,14.03026704793218,-3.728797235057676
42.169650342858226,14.329020147806158,-3.9829750891685847
36.51741272548377,14.649618691172726,-4.252584405610341
31.622776601683793,14.993592829978091,-4.538273809440996
27.384196342643612,15.36256506741589,-4.840672932140738
23.71373705661655,15.758252910014049,-5.160383248662014
20.53525026457146,16.182471691848868,-5.497966574343037
17.78279410038923,16.63713470258933,-5.85392908481749
15.39926526059492,17.124243758626605,-6.228705477134623
13.33521432163324,17.645874298002983,-6.622660633431314
11.547819846894582,18.204190407158286,-7.0361157884097
10.0,18.80153299838171,-7.469346947829788
8.659643233600654,19.44054377475002,-7.92244360881739
7.498942093324558,20.124141768110924,-8.39497325014348
6.493816315762113,20.855116703487038,-8.885620614383326
5.623413251903491,21.63530561788346,-9.392215674546685
4.869675251658631,22.464736615887176,-9.91256389593488
4.216965034285822,23.341470971100563,-10.446098583601472
3.651741272548377,24.262812812814538,-10.995743908520383
3.1622776601683795,25.22798080163706,-11.568919646163563
2.7384196342643614,26.241530083353748,-12.176709340956341
2.371373705661655,27.316273142474436,-12.83086380590618
2.0535250264571463,28.47448547512716,-13.539130452158403
1.7782794100389228,29.74666958914646,-14.2999381565243
1.539926526059492,31.167709518421194,-15.097606542756806
1.333521432163324,32.770652216812074,-15.899206124620434
1.1547819846894583,34.578715887459154,-16.654197408801505
1.0,36.596713001013626,-17.29794358020875
0.8659643233600653,38.80392577645287,-17.759725491478395
0.7498942093324559,41.151124175859756,-17.974612072326895
0.6493816315762113,43.56403937123703,-17.896634357755996
0.5623413251903491,45.953674789433684,-17.509205357702026
0.4869675251658631,48.23095982349532,-16.828965084146535
0.4216965034285822,50.32114540832996,-15.901618010712063
0.3651741272548377,52.17351834663112,-14.791610075024364
0.31622776601683794,53.764354704611016,-13.56962913139062
0.27384196342643613,55.09390302406113,-12.301831442886165
0.23713737056616552,56.179933833459735,-11.042981189099102
0.2053525026457146,57.050536461585544,-9.833720686737873
0.1778279410038923,57.73797039403353,-8.700947903118823
0.1539926526059492,58.274311504287404,-7.659936413845678
0.1333521432163324,58.68886820450915,-6.717066267423785
0.11547819846894582,59.00697823695803,-5.8724558394215824
0.1,59.249723476365745,-5.122158748350516
0.08659643233600653,59.43417208845551,-4.459837186473365
0.07498942093324558,59.57387138261329,-3.8779529217129745
0.06493816315762113,59.67941879810621,-3.368567595967055
0.05623413251903491,59.75901560658008,-2.9238504974510264
0.04869675251658631,59.81895828696812,-2.536379099707791
0.042169650342858224,59.86405231303346,-2.1992990726419372
0.03651741272548377,59.89794902014257,-1.9063926817008208
0.03162277660168379,59.923413635727755,-1.6520898881308048
0.027384196342643614,59.942535147737864,-1.4314454182460645
0.023713737056616554,59.956888761896835,-1.2400971321615881
0.02053525026457146,59.96766062066861,-1.074215515485652
0.01778279410038923,59.97574297225636,-0.930450396231742
0.01539926526059492,59.98180646799055,-0.8058785284879214
0.01333521432163324,59.986354903978665,-0.6979540891014411
0.011547819846894581,59.98976656870777,-0.6044631204328358
0.01,59.99232541699205,-0.5234823240998959
0.008659643233600654,59.99424454161306,-0.45334223355729475
0.007498942093324558,59.99568382778782,-0.3925945776428221
0.006493816315762113,59.996763222119405,-0.3399835335899985
0.005623413251903491,59.99757269977441,-0.2944205177119916
0.004869675251658631,59.9981797483042,-0.25496214993589195
0.004216965034285823,59.99863498506031,-0.22079103856766025
0.003651741272548377,59.9989763726662,-0.1911990539570433
0.0031622776601683794,59.999232381865575,-0.16557278780541707
0.0027384196342643613,59.99942436427449,-0.143380924881954
0.0023713737056616554,59.99956833222929,-0.12416328363020636
0.002053525026457146,59.999676293784844,-0.10752131029807355
0.0017782794100389228,59.99975725399127,-0.09310983717429179
0.001539926526059492,59.99981796584055,-0.08062993900822699
0.001333521432163324,59.99986349345059,-0.06982274269832195
0.0011547819846894581,59.9998976344237,-0.06046406395869767
0.001,59.999923236587854,-0.05235976108149278
