# finite diffusion, constant concentration (transmissive): Z = Rs + R_D*tanh(u)/u, u = sqrt(j*w*tau), Rs = 10.0 Ohm, R_D = 100.0 Ohm, tau = 1.0 s
# 1e-3 - 1e5 Hz, 16 points/decade, no noise
freq,Z_re,Z_im
100000.0,10.089206205807638,-0.08920620580763856
86596.43233600653,10.09586168709573,-0.09586168709573097
74989.42093324558,10.10301371938916,-0.10301371938916112
64938.16315762113,10.110699349280088,-0.11069934928008802
56234.13251903491,10.118958387326458,-0.1189583873264584
48696.75251658631,10.12783361426549,-0.1278336142654916
42169.65034285822,10.137371002612305,-0.13737100261230492
36517.41272548377,10.147619954791532,-0.14761995479153103
31622.776601683792,10.158633559035419,-0.1586335590354182
27384.196342643612,10.170468864373932,-0.17046886437393227
23713.737056616552,10.183187176141272,-0.18318717614127258
20535.25026457146,10.196854373529488,-0.1968543735294876
17782.794100389227,10.211541250834076,-0.21154125083407616
15399.26526059492,10.227323884159182,-0.22732388415918164
13335.21432163324,10.244284025481864,-0.24428402548186492
11547.819846894581,10.262509526116656,-0.2625095261166563
10000.0,10.282094791773877,-0.28209479177387814
8659.643233600653,10.303141271568881,-0.3031412715688815
7498.942093324558,10.3257579835152,-0.32575798351519847
6493.816315762113,10.3500620792236,-0.350062079223599
5623.413251903491,10.376179450732117,-0.3761794507321167
4869.675251658631,10.404245382610346,-0.404245382610346
4216.965034285822,10.434405252715823,-0.4344052527158239
3651.741272548377,10.466815285232325,-0.4668152852323247
3162.2776601683795,10.501643359890705,-0.5016433598907047
2738.4196342643613,10.53906988156396,-0.5390698815639594
2371.373705661655,10.579288714740876,-0.5792887147408763
2053.525026457146,10.62250818771874,-0.6225081877187403
1778.2794100389228,10.668952171716674,-0.6689521717166744
1539.926526059492,10.718861240499285,-0.7188612404992846
1333.521432163324,10.772493916517305,-0.7724939165173046
1154.781984689458,10.83012801002009,-0.8301280100200897
1000.0,10.892062058076386,-0.8920620580763856
865.9643233600654,10.958616870957309,-0.9586168709573097
749.8942093324558,11.030137193891612,-1.030137193891611
649.3816315762114,11.10699349280088,-1.1069934928008802
562.341325190349,11.189583873264585,-1.1895838732645843
486.9675251658631,11.278336142654917,-1.278336142654916
421.6965034285823,11.37371002612305,-1.373710026123049
365.1741272548377,11.47619954791531,-1.4761995479153103
316.22776601683796,11.586335590354182,-1.586335590354182
273.8419634264361,11.704688643739322,-1.704688643739323
237.13737056616552,11.831871761412726,-1.8318717614127262
205.3525026457146,11.968543735294876,-1.968543735294876
177.82794100389228,12.11541250834076,-2.115412508340761
153.9926526059492,12.273238841591818,-2.273238841591817
133.3521432163324,12.442840254818648,-2.442840254818649
115.47819846894582,12.625095261166562,-2.625095261166562
100.0,12.820947917738781,-2.820947917738785
86.59643233600653,13.031412715688843,-3.0314127156887865
74.98942093324558,13.257579835151557,-3.257579835151956
64.93816315762113,13.50062079223783,-3.5006207922394124
56.23413251903491,13.761794507339888,-3.761794507297287
48.69675251658631,14.042453825912503,-4.042453826024942
42.169650342858226,14.344052526860338,-4.344052528357719
36.51741272548377,14.668152858737287,-4.6681528537306285
31.622776601683793,15.016433608120607,-5.01643356907213
27.384196342643612,15.390698697252105,-5.390698753052712
23.71373705661655,15.792886784548212,-5.79288752222835
20.53525026457146,16.225082650787527,-6.2250835670344
17.78279410038923,16.689527807356306,-6.68952187668397
15.39926526059492,17.188622209012443,-7.188596736748543
13.33521432163324,17.724918526650534,-7.7248912459859636
11.547819846894582,18.301147190421567,-8.301243978666655
10.0,18.920333175902588,-8.920805194560947
8.659643233600654,19.585993049814938,-9.586948579880529
7.498942093324558,20.30222591895373,-10.302925104000272
6.493816315762113,21.07338573339333,-11.07136976890963
5.623413251903491,21.903154437494592,-11.894100562314208
4.869675251658631,22.793272221805253,-12.77280120840015
4.216965034285822,23.742693093429146,-13.710911072839114
3.651741272548377,24.7481363100499,-14.716381097161555
3.1622776601683795,25.806631391933752,-15.804243260163338
2.7384196342643614,26.91980960684261,-16.99766649509353
2.371373705661655,28.098862305495956,-18.326585840589356
2.0535250264571463,29.368793315483874,-19.82385114689457
1.7782794100389228,30.77095644376803,-21.519570582414232
1.539926526059492,32.363500433272314,-23.434508542761282
1.333521432163324,34.219717865235594,-25.573113793814965
1.1547819846894583,36.42418264977351,-27.916433933343892
1.0,39.06613905909835,-30.415242734163794
0.8659643233600653,42.22929975259846,-32.984347678539194
0.7498942093324559,45.977516905092735,-35.50011656211144
0.6493816315762113,50.33711519904133,-37.804255613520276
0.5623413251903491,55.279043760388745,-39.71688622271749
0.4869675251658631,60.706612790881486,-41.05999247131661
0.4216965034285822,66.4556154563561,-41.688089519149266
0.3651741272548377,72.31112292078593,-41.51805146083527
0.31622776601683794,78.03901592379013,-40.54771868825058
0.27384196342643613,83.42338845226637,-38.85589052029811
0.23713737056616552,88.29792597616716,-36.58376480841789
0.2053525026457146,92.56246517372016,-33.90531594523561
0.1778279410038923,96.1829041443808,-30.997030953935234
0.1539926526059492,99.17885381848717,-28.015054670832086
0.1333521432163324,101.60592362283185,-25.082855146036838
0.11547819846894582,103.53850328244728,-22.288271501840104
0.1,105.0563008707324,-19.686776237773408
0.08659643233600653,106.23549872665434,-17.307703852060754
0.07498942093324558,107.14394678514327,-15.161087424226178
0.06493816315762113,107.83927720799588,-13.243785395454005
0.05623413251903491,108.36884346978256,-11.54437654159244
0.04869675251658631,108.77063581771085,-10.046776015666936
0.042169650342858224,109.07460686051428,-8.732748027194571
0.03651741272548377,109.30407168367248,-7.583558282747371
0.03162277660168379,109.47700759823441,-6.580998648157838
0.027384196342643614,109.60717895217361,-5.707975475853508
0.023713737056616554,109.70506932440946,-4.9488066912747435
0.02053525026457146,109.77863232419192,-4.2893318435116985
0.01778279410038923,109.83388452435909,-3.7169071183425575
0.01539926526059492,109.87536726886682,-3.2203335522810552
0.01333521432163324,109.90650278457613,-2.789749893025953
0.011547819846894581,109.929866804917,-2.4165100393433354
0.01,109.9473961723652,-2.0930572860829995
0.008659643233600654,109.96054630885199,-1.812802543547774
0.007498942093324558,109.9704103136694,-1.570010446853867
0.006493816315762113,109.97780884531632,-1.3596952211879925
0.005623413251903491,109.9833578453539,-1.1775269107855078
0.004869675251658631,109.98751950556303,-1.0197478347151812
0.004216965034285823,109.99064059010297,-0.8830987159352008
0.003651741272548377,109.99298123060241,-0.764753719730575
0.0031622776601683794,109.99473655180991,-0.662263554235582
0.0027384196342643613,109.99605290676173,-0.57350577816194
0.0023713737056616554,109.99704006169141,-0.4966414965250776
0.002053525026457146,109.99778033918831,-0.43007768359913284
0.0017782794100389228,109.99833547784323,-0.37243444088994665
0.001539926526059492,109.99875177808089,-0.3225165689711131
0.001333521432163324,109.99906396201614,-0.27928890116321786
0.0011547819846894581,109.9992980685147,-0.2418549118498376
0.001,109.99947362450705,-0.20943817156429642
