# semi-infinite diffusion: Z = Rs + sigma*(1-j)/sqrt(w), Rs = 10.0 Ohm, sigma = 70.71067811865474 Ohm s^-1/2 (= R_D/sqrt(2*tau))
# 1e-3 - 1e5 Hz, 16 points/decade, 1 % Gaussian noise on Re and Im (sigma = 0.01*|Z|), seed 42
freq,Z_re,Z_im
100000.0,10.119950942015624,-0.18269401724944206
86596.43233600653,9.99086159719289,-0.13521811968999917
74989.42093324558,10.17883584778521,-0.24210773965906443
64938.16315762113,10.205802719674129,-0.04647729767817478
56234.13251903491,9.921520306578094,-0.14144656338246256
48696.75251658631,9.995940535425152,-0.2768062939439895
42169.65034285822,10.150331848397348,-0.24033347400582247
36517.41272548377,10.115525462966648,-0.1158023949258247
31622.776601683792,10.156926582927415,-0.07348097198812042
27384.196342643612,10.083698111351813,0.03263655312483846
23713.737056616552,10.272752406555458,0.11358490046477504
20535.25026457146,10.276179462556339,-0.1545897733314202
17782.794100389227,10.218285449419314,-0.31261002392966236
15399.26526059492,10.34263896819572,-0.445429019522008
13335.21432163324,10.29219062501718,-0.21685110669624194
11547.819846894581,10.174295709857354,-0.34596497290449246
10000.0,10.320024363844265,-0.32481828909238053
8659.643233600653,10.20430349003266,-0.36623376031796306
7498.942093324558,10.416509763767367,-0.3403029424804963
6493.816315762113,10.344891761704513,-0.2396693762490223
5623.413251903491,10.35698519847131,-0.3598731038752772
4869.675251658631,10.333346346978923,-0.42076259361407214
4216.965034285822,10.562080671813973,-0.542563171593252
3651.741272548377,10.450624891446065,-0.6422755014894799
3162.2776601683795,10.456610609722262,-0.552771914799049
2738.4196342643613,10.50190976499337,-0.5447454721320873
2371.373705661655,10.635687601479342,-0.3919741207725501
2053.525026457146,10.661394114505386,-0.6086460238524989
1778.2794100389228,10.713072889727288,-0.5638982660510362
1539.926526059492,10.765144079940137,-0.7725002642687192
1333.521432163324,11.003795200769199,-0.9004696931236597
1154.781984689458,10.785983633516294,-0.9349579892396357
1000.0,10.836081452453048,-0.9713186136162327
865.9643233600654,10.869098086875843,-0.7244753031856248
749.8942093324558,11.098376235370436,-1.121131531720936
649.3816315762114,11.23300963046755,-1.0134011419422069
562.341325190349,11.176761776567856,-1.2911870140964044
486.9675251658631,11.182973752725752,-1.1725974721368038
421.6965034285823,11.279254427113745,-1.3296086282976842
365.1741272548377,11.551478031356892,-1.4943237318992801
316.22776601683796,11.673254910058429,-1.5911025343935028
273.8419634264361,11.768933875555389,-1.7821380715315982
237.13737056616552,11.752191336228071,-1.7784642419011751
205.3525026457146,11.996703401640044,-2.0237302876013405
177.82794100389228,12.12976335394943,-2.26614616843568
153.9926526059492,12.300535524421461,-2.4327508470829544
133.3521432163324,12.553340633985421,-2.4209554710813004
115.47819846894582,12.653928178588165,-2.421469526903224
100.0,12.910073122270267,-2.7999448238861024
86.59643233600653,13.040454360316767,-3.047285760287586
74.98942093324558,13.297050219086042,-3.2185590447117
64.93816315762113,13.588667081328236,-3.318471653064957
56.23413251903491,13.553906786295602,-3.7304959134302687
48.69675251658631,13.995741127331705,-4.102501521888468
42.169650342858226,14.27355582119504,-4.178248437163352
36.51741272548377,14.569809988745046,-4.602154107724663
31.622776601683793,14.972872585866448,-4.773289965036727
27.384196342643612,15.634485768372972,-5.360817933527065
23.71373705661655,15.647238802061489,-5.998864831932466
20.53525026457146,16.3933520873408,-6.462844535919466
17.78279410038923,16.386937316389595,-6.392680542926141
15.39926526059492,17.126219041846543,-6.867471441288875
13.33521432163324,17.756407719827546,-7.759649480281839
11.547819846894582,18.419087177808137,-8.378285318297085
10.0,19.069395743959195,-8.614914046086026
8.659643233600654,19.759168008545856,-9.827573883029187
7.498942093324558,20.221983240781444,-10.505060227695683
6.493816315762113,20.95989077052255,-10.91681698571232
5.623413251903491,22.10963467332442,-11.994168971620315
4.869675251658631,22.73338389434242,-12.784699494881483
4.216965034285822,23.387236954638304,-13.781925287469837
3.651741272548377,24.435287638344562,-14.664678355490857
3.1622776601683795,25.58438746764046,-15.436315784779708
2.7384196342643614,27.20583257630274,-17.01792574134528
2.371373705661655,28.36675385152859,-18.101534978466166
2.0535250264571463,29.931384091047704,-20.41569634804478
1.7782794100389228,30.9932330301324,-21.17247114582766
1.539926526059492,32.79556943143254,-23.068431361553703
1.333521432163324,34.69249223779881,-24.942918061734375
1.1547819846894583,36.11249647916953,-26.64399266498966
1.0,38.42642284483232,-28.368169838887827
0.8659643233600653,39.98025292257324,-29.85214758928967
0.7498942093324559,42.38117029254161,-33.28685882516296
0.6493816315762113,44.78855058431481,-34.98874261633901
0.5623413251903491,46.892258724858095,-37.91175967398717
0.4869675251658631,50.73925879705324,-40.63630680230847
0.4216965034285822,53.117251557793544,-42.749933814204816
0.3651741272548377,56.69070295110996,-46.28639050876656
0.31622776601683794,60.5409238428557,-49.116699206561165
0.27384196342643613,64.28031776922552,-54.0361651288241
0.23713737056616552,68.52289626999423,-58.55017658339284
0.2053525026457146,72.15689363851334,-62.46431184990675
0.1778279410038923,76.46378824881785,-66.64806256113425
0.1539926526059492,81.79926063441914,-71.69372428544744
0.1333521432163324,85.28309131876745,-78.5130608951133
0.11547819846894582,91.20869183845416,-82.89998776367818
0.1,97.44152333391807,-88.9017145002844
0.08659643233600653,104.43746779516738,-92.26635340933858
0.07498942093324558,113.62504630364225,-100.14368538376955
0.06493816315762113,119.21638911943394,-112.09675973230281
0.05623413251903491,128.29491555503404,-119.46259046854169
0.04869675251658631,140.2760092862128,-130.58471156262692
0.042169650342858224,146.6532478119377,-138.56108308443257
0.03651741272548377,159.212641838196,-146.93839629626322
0.03162277660168379,166.4720398642677,-155.8417570216393
0.027384196342643614,179.95886322743232,-172.27882355083892
0.023713737056616554,190.6579250444894,-184.9287152902284
0.02053525026457146,205.8862552388865,-202.98601652442272
0.01778279410038923,224.1152591867547,-212.03952452620726
0.01539926526059492,231.64736221211638,-230.81531437955343
0.01333521432163324,255.81585432140028,-246.15089114554473
0.011547819846894581,273.4090740744467,-265.8274066298357
0.01,289.6820978292267,-282.4775683636463
0.008659643233600654,306.83884632680173,-310.80206587858834
0.007498942093324558,336.0954167985385,-332.6210539790156
0.006493816315762113,357.40305477153373,-339.3693538310569
0.005623413251903491,387.4338443062493,-383.120145716537
0.004869675251658631,414.37186360757374,-410.5936166342906
0.004216965034285823,454.3595572489275,-422.98969669809577
0.003651741272548377,475.21810093394305,-447.43020656323284
0.0031622776601683794,504.3096236912193,-510.0380659431012
0.0027384196342643613,550.4493421326055,-541.9034228617377
0.0023713737056616554,591.1066337534701,-576.4663070631702
0.002053525026457146,644.5704169246941,-607.1667090336334
0.0017782794100389228,686.9119387792798,-678.3582867783504
0.001539926526059492,732.5145966401521,-721.3721959318347
0.001333521432163324,798.5838855563093,-763.9465832162239
0.0011547819846894581,826.0878799672709,-824.9931160596259
0.001,893.9458052505796,-896.8341885360704
